{
  "full_corpus": {
    "n_lines": 320887,
    "meter_coverage": {
      "n_with_meter": 320838,
      "pct": 99.98472982701075
    },
    "stress_coverage": {
      "n_with_stress": 140169,
      "pct": 43.68173219856211
    },
    "rhyme_coverage": {
      "n_with_rhyme": 186765,
      "pct": 58.20273180278416
    },
    "cmu_coverage": {
      "n_full_cmu": 313930,
      "pct": 97.8319470717106
    },
    "end_stopped": {
      "n": 265510,
      "pct": 82.74252306886848
    },
    "caesura": {
      "n": 130585,
      "pct": 40.69501101633909
    }
  },
  "train": {
    "n_lines": 206956,
    "meter_coverage": {
      "n_with_meter": 206942,
      "pct": 99.99323527706372
    },
    "stress_coverage": {
      "n_with_stress": 91294,
      "pct": 44.112758267457814
    },
    "rhyme_coverage": {
      "n_with_rhyme": 121771,
      "pct": 58.8390769052359
    },
    "cmu_coverage": {
      "n_full_cmu": 202642,
      "pct": 97.915498946636
    },
    "end_stopped": {
      "n": 170879,
      "pct": 82.5677921877114
    },
    "caesura": {
      "n": 82157,
      "pct": 39.69781016254663
    }
  },
  "dev": {
    "n_lines": 42831,
    "meter_coverage": {
      "n_with_meter": 42798,
      "pct": 99.92295300133081
    },
    "stress_coverage": {
      "n_with_stress": 18998,
      "pct": 44.35572365809811
    },
    "rhyme_coverage": {
      "n_with_rhyme": 24751,
      "pct": 57.78758375942658
    },
    "cmu_coverage": {
      "n_full_cmu": 41683,
      "pct": 97.31969834932642
    },
    "end_stopped": {
      "n": 35915,
      "pct": 83.8528168849665
    },
    "caesura": {
      "n": 17178,
      "pct": 40.106464943615606
    }
  },
  "test": {
    "n_lines": 43535,
    "meter_coverage": {
      "n_with_meter": 43533,
      "pct": 99.9954059951763
    },
    "stress_coverage": {
      "n_with_stress": 20039,
      "pct": 46.029631331112896
    },
    "rhyme_coverage": {
      "n_with_rhyme": 24710,
      "pct": 56.75892959687608
    },
    "cmu_coverage": {
      "n_full_cmu": 42544,
      "pct": 97.72367060985414
    },
    "end_stopped": {
      "n": 35735,
      "pct": 82.08338118755024
    },
    "caesura": {
      "n": 18378,
      "pct": 42.21431032502584
    }
  },
  "held_out_poets": {
    "n_lines": 19504,
    "meter_coverage": {
      "n_with_meter": 19504,
      "pct": 100.0
    },
    "stress_coverage": {
      "n_with_stress": 6925,
      "pct": 35.505537325676784
    },
    "rhyme_coverage": {
      "n_with_rhyme": 11133,
      "pct": 57.080598851517635
    },
    "cmu_coverage": {
      "n_full_cmu": 19220,
      "pct": 98.54388843314192
    },
    "end_stopped": {
      "n": 16162,
      "pct": 82.86505332239541
    },
    "caesura": {
      "n": 9163,
      "pct": 46.980106644790816
    }
  },
  "held_out_poems": {
    "n_lines": 8061,
    "meter_coverage": {
      "n_with_meter": 8061,
      "pct": 100.0
    },
    "stress_coverage": {
      "n_with_stress": 2913,
      "pct": 36.136955712690735
    },
    "rhyme_coverage": {
      "n_with_rhyme": 4400,
      "pct": 54.583798536161765
    },
    "cmu_coverage": {
      "n_full_cmu": 7841,
      "pct": 97.27081007319191
    },
    "end_stopped": {
      "n": 6819,
      "pct": 84.59248232229253
    },
    "caesura": {
      "n": 3709,
      "pct": 46.01166108423273
    }
  }
}