{
  "full_corpus": {
    "n_lines": 320887,
    "meter_coverage": {
      "n_with_meter": 320871,
      "pct": 99.99501382106473
    },
    "stress_coverage": {
      "n_with_stress": 319908,
      "pct": 99.69490817639854
    },
    "rhyme_coverage": {
      "n_with_rhyme": 183657,
      "pct": 57.23416654460916
    },
    "cmu_coverage": {
      "n_full_cmu": 313949,
      "pct": 97.83786815919623
    },
    "end_stopped": {
      "n": 265510,
      "pct": 82.74252306886848
    },
    "caesura": {
      "n": 129766,
      "pct": 40.43978098209027
    }
  },
  "train": {
    "n_lines": 206956,
    "meter_coverage": {
      "n_with_meter": 206942,
      "pct": 99.99323527706372
    },
    "stress_coverage": {
      "n_with_stress": 205979,
      "pct": 99.52791897794701
    },
    "rhyme_coverage": {
      "n_with_rhyme": 119968,
      "pct": 57.967877229942594
    },
    "cmu_coverage": {
      "n_full_cmu": 202642,
      "pct": 97.915498946636
    },
    "end_stopped": {
      "n": 170879,
      "pct": 82.5677921877114
    },
    "caesura": {
      "n": 81652,
      "pct": 39.453796942345235
    }
  },
  "dev": {
    "n_lines": 42831,
    "meter_coverage": {
      "n_with_meter": 42831,
      "pct": 100.0
    },
    "stress_coverage": {
      "n_with_stress": 42830,
      "pct": 99.99766524246456
    },
    "rhyme_coverage": {
      "n_with_rhyme": 24461,
      "pct": 57.1105040741519
    },
    "cmu_coverage": {
      "n_full_cmu": 41702,
      "pct": 97.3640587424996
    },
    "end_stopped": {
      "n": 35915,
      "pct": 83.8528168849665
    },
    "caesura": {
      "n": 17097,
      "pct": 39.91734958324578
    }
  },
  "test": {
    "n_lines": 43535,
    "meter_coverage": {
      "n_with_meter": 43533,
      "pct": 99.9954059951763
    },
    "stress_coverage": {
      "n_with_stress": 43534,
      "pct": 99.99770299758815
    },
    "rhyme_coverage": {
      "n_with_rhyme": 23969,
      "pct": 55.05685080969335
    },
    "cmu_coverage": {
      "n_full_cmu": 42544,
      "pct": 97.72367060985414
    },
    "end_stopped": {
      "n": 35735,
      "pct": 82.08338118755024
    },
    "caesura": {
      "n": 18228,
      "pct": 41.86975996324796
    }
  },
  "held_out_poets": {
    "n_lines": 19504,
    "meter_coverage": {
      "n_with_meter": 19504,
      "pct": 100.0
    },
    "stress_coverage": {
      "n_with_stress": 19504,
      "pct": 100.0
    },
    "rhyme_coverage": {
      "n_with_rhyme": 10859,
      "pct": 55.675758818703855
    },
    "cmu_coverage": {
      "n_full_cmu": 19220,
      "pct": 98.54388843314192
    },
    "end_stopped": {
      "n": 16162,
      "pct": 82.86505332239541
    },
    "caesura": {
      "n": 9110,
      "pct": 46.70836751435603
    }
  },
  "held_out_poems": {
    "n_lines": 8061,
    "meter_coverage": {
      "n_with_meter": 8061,
      "pct": 100.0
    },
    "stress_coverage": {
      "n_with_stress": 8061,
      "pct": 100.0
    },
    "rhyme_coverage": {
      "n_with_rhyme": 4400,
      "pct": 54.583798536161765
    },
    "cmu_coverage": {
      "n_full_cmu": 7841,
      "pct": 97.27081007319191
    },
    "end_stopped": {
      "n": 6819,
      "pct": 84.59248232229253
    },
    "caesura": {
      "n": 3679,
      "pct": 45.63949882148617
    }
  }
}